<?xml version="1.0" encoding="UTF-8"?>
<GenRun Id="ip_clkwiz_synth_1" LaunchPart="xc7s15ftgb196-1" LaunchTime="1596171007">
  <File Type="PA-TCL" Name="ip_clkwiz.tcl"/>
  <File Type="RDS-PROPCONSTRS" Name="ip_clkwiz_drc_synth.rpt"/>
  <File Type="REPORTS-TCL" Name="ip_clkwiz_reports.tcl"/>
  <File Type="RDS-RDS" Name="ip_clkwiz.vds"/>
  <File Type="RDS-UTIL" Name="ip_clkwiz_utilization_synth.rpt"/>
  <File Type="RDS-UTIL-PB" Name="ip_clkwiz_utilization_synth.pb"/>
  <File Type="RDS-DCP" Name="ip_clkwiz.dcp"/>
  <File Type="VDS-TIMINGSUMMARY" Name="ip_clkwiz_timing_summary_synth.rpt"/>
  <File Type="VDS-TIMING-PB" Name="ip_clkwiz_timing_summary_synth.pb"/>
  <FileSet Name="sources" Type="BlockSrcs" RelSrcDir="$PSRCDIR/ip_clkwiz">
    <File Path="$PSRCDIR/sources_1/ip/ip_clkwiz/ip_clkwiz.xci">
      <FileInfo>
        <Attr Name="UsedIn" Val="synthesis"/>
        <Attr Name="UsedIn" Val="implementation"/>
        <Attr Name="UsedIn" Val="simulation"/>
      </FileInfo>
    </File>
    <Config>
      <Option Name="TopModule" Val="ip_clkwiz"/>
      <Option Name="UseBlackboxStub" Val="1"/>
    </Config>
  </FileSet>
  <FileSet Name="constrs_in" Type="BlockSrcs" RelSrcDir="$PSRCDIR/ip_clkwiz">
    <File Path="$PSRCDIR/sources_1/ip/ip_clkwiz/ip_clkwiz.xci">
      <FileInfo>
        <Attr Name="UsedIn" Val="synthesis"/>
        <Attr Name="UsedIn" Val="implementation"/>
        <Attr Name="UsedIn" Val="simulation"/>
      </FileInfo>
    </File>
    <Config>
      <Option Name="TopModule" Val="ip_clkwiz"/>
      <Option Name="UseBlackboxStub" Val="1"/>
    </Config>
  </FileSet>
  <FileSet Name="utils" Type="Utils" RelSrcDir="$PSRCDIR/utils_1">
    <Filter Type="Utils"/>
    <Config>
      <Option Name="TopAutoSet" Val="TRUE"/>
    </Config>
  </FileSet>
  <Strategy Version="1" Minor="2">
    <StratHandle Name="Vivado Synthesis Defaults" Flow="Vivado Synthesis 2018">
      <Desc>Vivado Synthesis Defaults</Desc>
    </StratHandle>
    <Step Id="synth_design"/>
  </Strategy>
</GenRun>
