<?xml version="1.0" encoding="UTF-8"?>
<GenRun Id="impl_1" LaunchPart="xc7s15ftgb196-1" LaunchTime="1596172104">
  <File Type="BITSTR-BMM" Name="module_system_bd.bmm"/>
  <File Type="OPT-METHODOLOGY-DRC" Name="module_system_methodology_drc_opted.rpt"/>
  <File Type="INIT-TIMING" Name="module_system_timing_summary_init.rpt"/>
  <File Type="ROUTE-PWR" Name="module_system_power_routed.rpt"/>
  <File Type="PA-TCL" Name="module_system.tcl"/>
  <File Type="OPT-TIMING" Name="module_system_timing_summary_opted.rpt"/>
  <File Type="OPT-DCP" Name="module_system_opt.dcp"/>
  <File Type="ROUTE-PWR-SUM" Name="module_system_power_summary_routed.pb"/>
  <File Type="REPORTS-TCL" Name="module_system_reports.tcl"/>
  <File Type="OPT-DRC" Name="module_system_drc_opted.rpt"/>
  <File Type="OPT-HWDEF" Name="module_system.hwdef"/>
  <File Type="PWROPT-DCP" Name="module_system_pwropt.dcp"/>
  <File Type="PWROPT-DRC" Name="module_system_drc_pwropted.rpt"/>
  <File Type="PWROPT-TIMING" Name="module_system_timing_summary_pwropted.rpt"/>
  <File Type="PLACE-DCP" Name="module_system_placed.dcp"/>
  <File Type="PLACE-IO" Name="module_system_io_placed.rpt"/>
  <File Type="PLACE-CLK" Name="module_system_clock_utilization_placed.rpt"/>
  <File Type="PLACE-UTIL" Name="module_system_utilization_placed.rpt"/>
  <File Type="PLACE-UTIL-PB" Name="module_system_utilization_placed.pb"/>
  <File Type="PLACE-CTRL" Name="module_system_control_sets_placed.rpt"/>
  <File Type="PLACE-SIMILARITY" Name="module_system_incremental_reuse_placed.rpt"/>
  <File Type="PLACE-PRE-SIMILARITY" Name="module_system_incremental_reuse_pre_placed.rpt"/>
  <File Type="BG-BGN" Name="module_system.bgn"/>
  <File Type="PLACE-TIMING" Name="module_system_timing_summary_placed.rpt"/>
  <File Type="POSTPLACE-PWROPT-DCP" Name="module_system_postplace_pwropt.dcp"/>
  <File Type="BG-BIN" Name="module_system.bin"/>
  <File Type="POSTPLACE-PWROPT-TIMING" Name="module_system_timing_summary_postplace_pwropted.rpt"/>
  <File Type="PHYSOPT-DCP" Name="module_system_physopt.dcp"/>
  <File Type="PHYSOPT-DRC" Name="module_system_drc_physopted.rpt"/>
  <File Type="BITSTR-MSK" Name="module_system.msk"/>
  <File Type="PHYSOPT-TIMING" Name="module_system_timing_summary_physopted.rpt"/>
  <File Type="ROUTE-ERROR-DCP" Name="module_system_routed_error.dcp"/>
  <File Type="ROUTE-DCP" Name="module_system_routed.dcp"/>
  <File Type="ROUTE-BLACKBOX-DCP" Name="module_system_routed_bb.dcp"/>
  <File Type="ROUTE-DRC" Name="module_system_drc_routed.rpt"/>
  <File Type="ROUTE-DRC-PB" Name="module_system_drc_routed.pb"/>
  <File Type="BITSTR-LTX" Name="debug_nets.ltx"/>
  <File Type="BITSTR-LTX" Name="module_system.ltx"/>
  <File Type="ROUTE-DRC-RPX" Name="module_system_drc_routed.rpx"/>
  <File Type="BITSTR-MMI" Name="module_system.mmi"/>
  <File Type="ROUTE-METHODOLOGY-DRC" Name="module_system_methodology_drc_routed.rpt"/>
  <File Type="ROUTE-METHODOLOGY-DRC-RPX" Name="module_system_methodology_drc_routed.rpx"/>
  <File Type="BITSTR-SYSDEF" Name="module_system.sysdef"/>
  <File Type="ROUTE-METHODOLOGY-DRC-PB" Name="module_system_methodology_drc_routed.pb"/>
  <File Type="ROUTE-PWR-RPX" Name="module_system_power_routed.rpx"/>
  <File Type="ROUTE-STATUS" Name="module_system_route_status.rpt"/>
  <File Type="ROUTE-STATUS-PB" Name="module_system_route_status.pb"/>
  <File Type="ROUTE-TIMINGSUMMARY" Name="module_system_timing_summary_routed.rpt"/>
  <File Type="ROUTE-TIMING-PB" Name="module_system_timing_summary_routed.pb"/>
  <File Type="ROUTE-TIMING-RPX" Name="module_system_timing_summary_routed.rpx"/>
  <File Type="ROUTE-SIMILARITY" Name="module_system_incremental_reuse_routed.rpt"/>
  <File Type="ROUTE-CLK" Name="module_system_clock_utilization_routed.rpt"/>
  <File Type="ROUTE-BUS-SKEW" Name="module_system_bus_skew_routed.rpt"/>
  <File Type="ROUTE-BUS-SKEW-PB" Name="module_system_bus_skew_routed.pb"/>
  <File Type="ROUTE-BUS-SKEW-RPX" Name="module_system_bus_skew_routed.rpx"/>
  <File Type="POSTROUTE-PHYSOPT-DCP" Name="module_system_postroute_physopt.dcp"/>
  <File Type="POSTROUTE-PHYSOPT-BLACKBOX-DCP" Name="module_system_postroute_physopt_bb.dcp"/>
  <File Type="POSTROUTE-PHYSOPT-TIMING" Name="module_system_timing_summary_postroute_physopted.rpt"/>
  <File Type="POSTROUTE-PHYSOPT-TIMING-PB" Name="module_system_timing_summary_postroute_physopted.pb"/>
  <File Type="POSTROUTE-PHYSOPT-TIMING-RPX" Name="module_system_timing_summary_postroute_physopted.rpx"/>
  <File Type="POSTROUTE-PHYSOPT-BUS-SKEW" Name="module_system_bus_skew_postroute_physopted.rpt"/>
  <File Type="POSTROUTE-PHYSOPT-BUS-SKEW-PB" Name="module_system_bus_skew_postroute_physopted.pb"/>
  <File Type="BG-BIT" Name="module_system.bit"/>
  <File Type="POSTROUTE-PHYSOPT-BUS-SKEW-RPX" Name="module_system_bus_skew_postroute_physopted.rpx"/>
  <File Type="BITSTR-RBT" Name="module_system.rbt"/>
  <File Type="BITSTR-NKY" Name="module_system.nky"/>
  <File Type="BG-DRC" Name="module_system.drc"/>
  <File Type="RDI-RDI" Name="module_system.vdi"/>
  <File Type="WBT-USG" Name="usage_statistics_webtalk.html"/>
  <FileSet Name="sources" Type="DesignSrcs" RelSrcDir="$PSRCDIR/sources_1">
    <Filter Type="Srcs"/>
    <File Path="$PSRCDIR/sources_1/new/code_SPImaster.v">
      <FileInfo>
        <Attr Name="UsedIn" Val="synthesis"/>
        <Attr Name="UsedIn" Val="implementation"/>
        <Attr Name="UsedIn" Val="simulation"/>
      </FileInfo>
    </File>
    <File Path="$PSRCDIR/sources_1/new/code_SPIpart.v">
      <FileInfo>
        <Attr Name="UsedIn" Val="synthesis"/>
        <Attr Name="UsedIn" Val="implementation"/>
        <Attr Name="UsedIn" Val="simulation"/>
      </FileInfo>
    </File>
    <File Path="$PSRCDIR/sources_1/new/code_SPIslave.v">
      <FileInfo>
        <Attr Name="UsedIn" Val="synthesis"/>
        <Attr Name="UsedIn" Val="implementation"/>
        <Attr Name="UsedIn" Val="simulation"/>
      </FileInfo>
    </File>
    <File Path="$PSRCDIR/sources_1/new/code_SPIslaverx.v">
      <FileInfo>
        <Attr Name="UsedIn" Val="synthesis"/>
        <Attr Name="UsedIn" Val="implementation"/>
        <Attr Name="UsedIn" Val="simulation"/>
      </FileInfo>
    </File>
    <File Path="$PSRCDIR/sources_1/new/code_SPIslavetx.v">
      <FileInfo>
        <Attr Name="UsedIn" Val="synthesis"/>
        <Attr Name="UsedIn" Val="implementation"/>
        <Attr Name="UsedIn" Val="simulation"/>
      </FileInfo>
    </File>
    <File Path="$PSRCDIR/sources_1/new/code_SPItop.v">
      <FileInfo>
        <Attr Name="UsedIn" Val="synthesis"/>
        <Attr Name="UsedIn" Val="implementation"/>
        <Attr Name="UsedIn" Val="simulation"/>
      </FileInfo>
    </File>
    <File Path="$PSRCDIR/sources_1/new/code_SPItop1.v">
      <FileInfo>
        <Attr Name="UsedIn" Val="synthesis"/>
        <Attr Name="UsedIn" Val="implementation"/>
        <Attr Name="UsedIn" Val="simulation"/>
      </FileInfo>
    </File>
    <File Path="$PSRCDIR/sources_1/new/code_UARTpart.v">
      <FileInfo>
        <Attr Name="UsedIn" Val="synthesis"/>
        <Attr Name="UsedIn" Val="implementation"/>
        <Attr Name="UsedIn" Val="simulation"/>
      </FileInfo>
    </File>
    <File Path="$PSRCDIR/sources_1/new/code_UARTrx.v">
      <FileInfo>
        <Attr Name="UsedIn" Val="synthesis"/>
        <Attr Name="UsedIn" Val="implementation"/>
        <Attr Name="UsedIn" Val="simulation"/>
      </FileInfo>
    </File>
    <File Path="$PSRCDIR/sources_1/new/code_UARTtop.v">
      <FileInfo>
        <Attr Name="UsedIn" Val="synthesis"/>
        <Attr Name="UsedIn" Val="implementation"/>
        <Attr Name="UsedIn" Val="simulation"/>
      </FileInfo>
    </File>
    <File Path="$PSRCDIR/sources_1/new/code_UARTtop1.v">
      <FileInfo>
        <Attr Name="UsedIn" Val="synthesis"/>
        <Attr Name="UsedIn" Val="implementation"/>
        <Attr Name="UsedIn" Val="simulation"/>
      </FileInfo>
    </File>
    <File Path="$PSRCDIR/sources_1/new/code_UARTtx.v">
      <FileInfo>
        <Attr Name="UsedIn" Val="synthesis"/>
        <Attr Name="UsedIn" Val="implementation"/>
        <Attr Name="UsedIn" Val="simulation"/>
      </FileInfo>
    </File>
    <File Path="$PSRCDIR/sources_1/new/code_leddriver.v">
      <FileInfo>
        <Attr Name="UsedIn" Val="synthesis"/>
        <Attr Name="UsedIn" Val="implementation"/>
        <Attr Name="UsedIn" Val="simulation"/>
      </FileInfo>
    </File>
    <File Path="$PSRCDIR/sources_1/new/code_modeselection.v">
      <FileInfo>
        <Attr Name="UsedIn" Val="synthesis"/>
        <Attr Name="UsedIn" Val="implementation"/>
        <Attr Name="UsedIn" Val="simulation"/>
      </FileInfo>
    </File>
    <File Path="$PSRCDIR/sources_1/new/code_system.v">
      <FileInfo>
        <Attr Name="UsedIn" Val="synthesis"/>
        <Attr Name="UsedIn" Val="implementation"/>
        <Attr Name="UsedIn" Val="simulation"/>
      </FileInfo>
    </File>
    <File Path="$PSRCDIR/sources_1/new/module_UARTpart.v">
      <FileInfo>
        <Attr Name="AutoDisabled" Val="1"/>
        <Attr Name="UsedIn" Val="synthesis"/>
        <Attr Name="UsedIn" Val="implementation"/>
        <Attr Name="UsedIn" Val="simulation"/>
      </FileInfo>
    </File>
    <Config>
      <Option Name="DesignMode" Val="RTL"/>
      <Option Name="TopModule" Val="module_system"/>
      <Option Name="TopAutoSet" Val="TRUE"/>
    </Config>
  </FileSet>
  <FileSet Name="constrs_in" Type="Constrs" RelSrcDir="$PSRCDIR/constrs_1">
    <Filter Type="Constrs"/>
    <File Path="$PSRCDIR/constrs_1/new/xdc_system.xdc">
      <FileInfo>
        <Attr Name="UsedIn" Val="synthesis"/>
        <Attr Name="UsedIn" Val="implementation"/>
      </FileInfo>
    </File>
    <Config>
      <Option Name="TargetConstrsFile" Val="$PSRCDIR/constrs_1/new/xdc_system.xdc"/>
      <Option Name="ConstrsType" Val="XDC"/>
    </Config>
  </FileSet>
  <FileSet Name="utils" Type="Utils" RelSrcDir="$PSRCDIR/utils_1">
    <Filter Type="Utils"/>
    <Config>
      <Option Name="TopAutoSet" Val="TRUE"/>
    </Config>
  </FileSet>
  <Strategy Version="1" Minor="2">
    <StratHandle Name="Vivado Implementation Defaults" Flow="Vivado Implementation 2018">
      <Desc>Default settings for Implementation.</Desc>
    </StratHandle>
    <Step Id="init_design"/>
    <Step Id="opt_design"/>
    <Step Id="power_opt_design"/>
    <Step Id="place_design"/>
    <Step Id="post_place_power_opt_design"/>
    <Step Id="phys_opt_design"/>
    <Step Id="route_design"/>
    <Step Id="post_route_phys_opt_design"/>
    <Step Id="write_bitstream"/>
  </Strategy>
  <BlockFileSet Type="BlockSrcs" Name="ip_clkwiz"/>
</GenRun>
